Date,Region,Keyword,InterestScore
2025-01-01,Nepal,Hoodies,39
2025-01-01,Nepal,Cargo Pants,18
2025-01-01,Nepal,Graphic Tees,30
2025-01-01,Nepal,Jackets,27
2025-01-01,Nepal,Crop Tops,16
2025-01-02,Nepal,Hoodies,36
2025-01-02,Nepal,Cargo Pants,19
2025-01-02,Nepal,Graphic Tees,30
2025-01-02,Nepal,Jackets,23
2025-01-02,Nepal,Crop Tops,14
2025-01-03,Nepal,Hoodies,39
2025-01-03,Nepal,Cargo Pants,17
2025-01-03,Nepal,Graphic Tees,28
2025-01-03,Nepal,Jackets,27
2025-01-03,Nepal,Crop Tops,13
2025-01-04,Nepal,Hoodies,40
2025-01-04,Nepal,Cargo Pants,18
2025-01-04,Nepal,Graphic Tees,31
2025-01-04,Nepal,Jackets,26
2025-01-04,Nepal,Crop Tops,14
2025-01-05,Nepal,Hoodies,39
2025-01-05,Nepal,Cargo Pants,21
2025-01-05,Nepal,Graphic Tees,27
2025-01-05,Nepal,Jackets,28
2025-01-05,Nepal,Crop Tops,18
2025-01-06,Nepal,Hoodies,32
2025-01-06,Nepal,Cargo Pants,18
2025-01-06,Nepal,Graphic Tees,27
2025-01-06,Nepal,Jackets,26
2025-01-06,Nepal,Crop Tops,15
2025-01-07,Nepal,Hoodies,32
2025-01-07,Nepal,Cargo Pants,20
2025-01-07,Nepal,Graphic Tees,32
2025-01-07,Nepal,Jackets,25
2025-01-07,Nepal,Crop Tops,14
2025-01-08,Nepal,Hoodies,38
2025-01-08,Nepal,Cargo Pants,20
2025-01-08,Nepal,Graphic Tees,27
2025-01-08,Nepal,Jackets,29
2025-01-08,Nepal,Crop Tops,17
2025-01-09,Nepal,Hoodies,40
2025-01-09,Nepal,Cargo Pants,21
2025-01-09,Nepal,Graphic Tees,32
2025-01-09,Nepal,Jackets,29
2025-01-09,Nepal,Crop Tops,13
2025-01-10,Nepal,Hoodies,39
2025-01-10,Nepal,Cargo Pants,20
2025-01-10,Nepal,Graphic Tees,32
2025-01-10,Nepal,Jackets,30
2025-01-10,Nepal,Crop Tops,15
2025-01-11,Nepal,Hoodies,41
2025-01-11,Nepal,Cargo Pants,19
2025-01-11,Nepal,Graphic Tees,32
2025-01-11,Nepal,Jackets,29
2025-01-11,Nepal,Crop Tops,15
2025-01-12,Nepal,Hoodies,40
2025-01-12,Nepal,Cargo Pants,19
2025-01-12,Nepal,Graphic Tees,32
2025-01-12,Nepal,Jackets,30
2025-01-12,Nepal,Crop Tops,16
2025-01-13,Nepal,Hoodies,35
2025-01-13,Nepal,Cargo Pants,21
2025-01-13,Nepal,Graphic Tees,30
2025-01-13,Nepal,Jackets,27
2025-01-13,Nepal,Crop Tops,15
2025-01-14,Nepal,Hoodies,35
2025-01-14,Nepal,Cargo Pants,15
2025-01-14,Nepal,Graphic Tees,32
2025-01-14,Nepal,Jackets,29
2025-01-14,Nepal,Crop Tops,15
2025-01-15,Nepal,Hoodies,38
2025-01-15,Nepal,Cargo Pants,15
2025-01-15,Nepal,Graphic Tees,27
2025-01-15,Nepal,Jackets,30
2025-01-15,Nepal,Crop Tops,13
2025-01-16,Nepal,Hoodies,34
2025-01-16,Nepal,Cargo Pants,17
2025-01-16,Nepal,Graphic Tees,27
2025-01-16,Nepal,Jackets,29
2025-01-16,Nepal,Crop Tops,13
2025-01-17,Nepal,Hoodies,36
2025-01-17,Nepal,Cargo Pants,16
2025-01-17,Nepal,Graphic Tees,27
2025-01-17,Nepal,Jackets,31
2025-01-17,Nepal,Crop Tops,14
2025-01-18,Nepal,Hoodies,36
2025-01-18,Nepal,Cargo Pants,21
2025-01-18,Nepal,Graphic Tees,30
2025-01-18,Nepal,Jackets,29
2025-01-18,Nepal,Crop Tops,17
2025-01-19,Nepal,Hoodies,33
2025-01-19,Nepal,Cargo Pants,15
2025-01-19,Nepal,Graphic Tees,32
2025-01-19,Nepal,Jackets,30
2025-01-19,Nepal,Crop Tops,17
2025-01-20,Nepal,Hoodies,39
2025-01-20,Nepal,Cargo Pants,18
2025-01-20,Nepal,Graphic Tees,32
2025-01-20,Nepal,Jackets,29
2025-01-20,Nepal,Crop Tops,13
2025-01-21,Nepal,Hoodies,38
2025-01-21,Nepal,Cargo Pants,16
2025-01-21,Nepal,Graphic Tees,27
2025-01-21,Nepal,Jackets,30
2025-01-21,Nepal,Crop Tops,16
2025-01-22,Nepal,Hoodies,38
2025-01-22,Nepal,Cargo Pants,19
2025-01-22,Nepal,Graphic Tees,29
2025-01-22,Nepal,Jackets,29
2025-01-22,Nepal,Crop Tops,17
2025-01-23,Nepal,Hoodies,42
2025-01-23,Nepal,Cargo Pants,19
2025-01-23,Nepal,Graphic Tees,31
2025-01-23,Nepal,Jackets,30
2025-01-23,Nepal,Crop Tops,16
2025-01-24,Nepal,Hoodies,42
2025-01-24,Nepal,Cargo Pants,17
2025-01-24,Nepal,Graphic Tees,27
2025-01-24,Nepal,Jackets,33
2025-01-24,Nepal,Crop Tops,18
2025-01-25,Nepal,Hoodies,34
2025-01-25,Nepal,Cargo Pants,18
2025-01-25,Nepal,Graphic Tees,27
2025-01-25,Nepal,Jackets,30
2025-01-25,Nepal,Crop Tops,16
2025-01-26,Nepal,Hoodies,42
2025-01-26,Nepal,Cargo Pants,17
2025-01-26,Nepal,Graphic Tees,28
2025-01-26,Nepal,Jackets,33
2025-01-26,Nepal,Crop Tops,13
2025-01-27,Nepal,Hoodies,41
2025-01-27,Nepal,Cargo Pants,19
2025-01-27,Nepal,Graphic Tees,27
2025-01-27,Nepal,Jackets,31
2025-01-27,Nepal,Crop Tops,13
2025-01-28,Nepal,Hoodies,38
2025-01-28,Nepal,Cargo Pants,15
2025-01-28,Nepal,Graphic Tees,32
2025-01-28,Nepal,Jackets,31
2025-01-28,Nepal,Crop Tops,13
2025-01-29,Nepal,Hoodies,40
2025-01-29,Nepal,Cargo Pants,19
2025-01-29,Nepal,Graphic Tees,27
2025-01-29,Nepal,Jackets,35
2025-01-29,Nepal,Crop Tops,17
2025-01-30,Nepal,Hoodies,42
2025-01-30,Nepal,Cargo Pants,16
2025-01-30,Nepal,Graphic Tees,29
2025-01-30,Nepal,Jackets,35
2025-01-30,Nepal,Crop Tops,14
2025-01-31,Nepal,Hoodies,41
2025-01-31,Nepal,Cargo Pants,15
2025-01-31,Nepal,Graphic Tees,30
2025-01-31,Nepal,Jackets,32
2025-01-31,Nepal,Crop Tops,13
2025-02-01,Nepal,Hoodies,37
2025-02-01,Nepal,Cargo Pants,17
2025-02-01,Nepal,Graphic Tees,31
2025-02-01,Nepal,Jackets,35
2025-02-01,Nepal,Crop Tops,14
2025-02-02,Nepal,Hoodies,39
2025-02-02,Nepal,Cargo Pants,16
2025-02-02,Nepal,Graphic Tees,31
2025-02-02,Nepal,Jackets,35
2025-02-02,Nepal,Crop Tops,15
2025-02-03,Nepal,Hoodies,42
2025-02-03,Nepal,Cargo Pants,15
2025-02-03,Nepal,Graphic Tees,27
2025-02-03,Nepal,Jackets,32
2025-02-03,Nepal,Crop Tops,16
2025-02-04,Nepal,Hoodies,37
2025-02-04,Nepal,Cargo Pants,17
2025-02-04,Nepal,Graphic Tees,29
2025-02-04,Nepal,Jackets,36
2025-02-04,Nepal,Crop Tops,17
2025-02-05,Nepal,Hoodies,34
2025-02-05,Nepal,Cargo Pants,21
2025-02-05,Nepal,Graphic Tees,32
2025-02-05,Nepal,Jackets,35
2025-02-05,Nepal,Crop Tops,15
2025-02-06,Nepal,Hoodies,41
2025-02-06,Nepal,Cargo Pants,21
2025-02-06,Nepal,Graphic Tees,32
2025-02-06,Nepal,Jackets,32
2025-02-06,Nepal,Crop Tops,14
2025-02-07,Nepal,Hoodies,34
2025-02-07,Nepal,Cargo Pants,21
2025-02-07,Nepal,Graphic Tees,32
2025-02-07,Nepal,Jackets,34
2025-02-07,Nepal,Crop Tops,13
2025-02-08,Nepal,Hoodies,43
2025-02-08,Nepal,Cargo Pants,18
2025-02-08,Nepal,Graphic Tees,29
2025-02-08,Nepal,Jackets,33
2025-02-08,Nepal,Crop Tops,18
2025-02-09,Nepal,Hoodies,34
2025-02-09,Nepal,Cargo Pants,15
2025-02-09,Nepal,Graphic Tees,32
2025-02-09,Nepal,Jackets,33
2025-02-09,Nepal,Crop Tops,13
2025-02-10,Nepal,Hoodies,38
2025-02-10,Nepal,Cargo Pants,16
2025-02-10,Nepal,Graphic Tees,30
2025-02-10,Nepal,Jackets,34
2025-02-10,Nepal,Crop Tops,16
2025-02-11,Nepal,Hoodies,43
2025-02-11,Nepal,Cargo Pants,17
2025-02-11,Nepal,Graphic Tees,29
2025-02-11,Nepal,Jackets,35
2025-02-11,Nepal,Crop Tops,17
2025-02-12,Nepal,Hoodies,44
2025-02-12,Nepal,Cargo Pants,20
2025-02-12,Nepal,Graphic Tees,27
2025-02-12,Nepal,Jackets,35
2025-02-12,Nepal,Crop Tops,16
2025-02-13,Nepal,Hoodies,35
2025-02-13,Nepal,Cargo Pants,18
2025-02-13,Nepal,Graphic Tees,32
2025-02-13,Nepal,Jackets,33
2025-02-13,Nepal,Crop Tops,14
2025-02-14,Nepal,Hoodies,43
2025-02-14,Nepal,Cargo Pants,16
2025-02-14,Nepal,Graphic Tees,31
2025-02-14,Nepal,Jackets,32
2025-02-14,Nepal,Crop Tops,13
2025-02-15,Nepal,Hoodies,44
2025-02-15,Nepal,Cargo Pants,17
2025-02-15,Nepal,Graphic Tees,30
2025-02-15,Nepal,Jackets,37
2025-02-15,Nepal,Crop Tops,18
2025-02-16,Nepal,Hoodies,36
2025-02-16,Nepal,Cargo Pants,17
2025-02-16,Nepal,Graphic Tees,28
2025-02-16,Nepal,Jackets,33
2025-02-16,Nepal,Crop Tops,13
2025-02-17,Nepal,Hoodies,36
2025-02-17,Nepal,Cargo Pants,19
2025-02-17,Nepal,Graphic Tees,31
2025-02-17,Nepal,Jackets,35
2025-02-17,Nepal,Crop Tops,15
2025-02-18,Nepal,Hoodies,43
2025-02-18,Nepal,Cargo Pants,19
2025-02-18,Nepal,Graphic Tees,32
2025-02-18,Nepal,Jackets,32
2025-02-18,Nepal,Crop Tops,17
2025-02-19,Nepal,Hoodies,41
2025-02-19,Nepal,Cargo Pants,17
2025-02-19,Nepal,Graphic Tees,27
2025-02-19,Nepal,Jackets,36
2025-02-19,Nepal,Crop Tops,16
2025-02-20,Nepal,Hoodies,36
2025-02-20,Nepal,Cargo Pants,16
2025-02-20,Nepal,Graphic Tees,30
2025-02-20,Nepal,Jackets,32
2025-02-20,Nepal,Crop Tops,15
2025-02-21,Nepal,Hoodies,37
2025-02-21,Nepal,Cargo Pants,16
2025-02-21,Nepal,Graphic Tees,27
2025-02-21,Nepal,Jackets,34
2025-02-21,Nepal,Crop Tops,14
2025-02-22,Nepal,Hoodies,38
2025-02-22,Nepal,Cargo Pants,17
2025-02-22,Nepal,Graphic Tees,27
2025-02-22,Nepal,Jackets,33
2025-02-22,Nepal,Crop Tops,15
2025-02-23,Nepal,Hoodies,36
2025-02-23,Nepal,Cargo Pants,18
2025-02-23,Nepal,Graphic Tees,27
2025-02-23,Nepal,Jackets,32
2025-02-23,Nepal,Crop Tops,13
2025-02-24,Nepal,Hoodies,38
2025-02-24,Nepal,Cargo Pants,17
2025-02-24,Nepal,Graphic Tees,31
2025-02-24,Nepal,Jackets,33
2025-02-24,Nepal,Crop Tops,15
2025-02-25,Nepal,Hoodies,38
2025-02-25,Nepal,Cargo Pants,19
2025-02-25,Nepal,Graphic Tees,29
2025-02-25,Nepal,Jackets,34
2025-02-25,Nepal,Crop Tops,13
2025-02-26,Nepal,Hoodies,45
2025-02-26,Nepal,Cargo Pants,19
2025-02-26,Nepal,Graphic Tees,27
2025-02-26,Nepal,Jackets,36
2025-02-26,Nepal,Crop Tops,18
2025-02-27,Nepal,Hoodies,41
2025-02-27,Nepal,Cargo Pants,18
2025-02-27,Nepal,Graphic Tees,32
2025-02-27,Nepal,Jackets,33
2025-02-27,Nepal,Crop Tops,13
2025-02-28,Nepal,Hoodies,37
2025-02-28,Nepal,Cargo Pants,19
2025-02-28,Nepal,Graphic Tees,28
2025-02-28,Nepal,Jackets,35
2025-02-28,Nepal,Crop Tops,14
2025-03-01,Nepal,Hoodies,44
2025-03-01,Nepal,Cargo Pants,20
2025-03-01,Nepal,Graphic Tees,27
2025-03-01,Nepal,Jackets,32
2025-03-01,Nepal,Crop Tops,25
2025-03-02,Nepal,Hoodies,38
2025-03-02,Nepal,Cargo Pants,41
2025-03-02,Nepal,Graphic Tees,32
2025-03-02,Nepal,Jackets,34
2025-03-02,Nepal,Crop Tops,25
2025-03-03,Nepal,Hoodies,46
2025-03-03,Nepal,Cargo Pants,40
2025-03-03,Nepal,Graphic Tees,32
2025-03-03,Nepal,Jackets,32
2025-03-03,Nepal,Crop Tops,26
2025-03-04,Nepal,Hoodies,45
2025-03-04,Nepal,Cargo Pants,39
2025-03-04,Nepal,Graphic Tees,30
2025-03-04,Nepal,Jackets,32
2025-03-04,Nepal,Crop Tops,26
2025-03-05,Nepal,Hoodies,42
2025-03-05,Nepal,Cargo Pants,39
2025-03-05,Nepal,Graphic Tees,30
2025-03-05,Nepal,Jackets,33
2025-03-05,Nepal,Crop Tops,21
2025-03-06,Nepal,Hoodies,43
2025-03-06,Nepal,Cargo Pants,41
2025-03-06,Nepal,Graphic Tees,28
2025-03-06,Nepal,Jackets,30
2025-03-06,Nepal,Crop Tops,23
2025-03-07,Nepal,Hoodies,46
2025-03-07,Nepal,Cargo Pants,42
2025-03-07,Nepal,Graphic Tees,30
2025-03-07,Nepal,Jackets,33
2025-03-07,Nepal,Crop Tops,24
2025-03-08,Nepal,Hoodies,37
2025-03-08,Nepal,Cargo Pants,37
2025-03-08,Nepal,Graphic Tees,27
2025-03-08,Nepal,Jackets,32
2025-03-08,Nepal,Crop Tops,25
2025-03-09,Nepal,Hoodies,40
2025-03-09,Nepal,Cargo Pants,41
2025-03-09,Nepal,Graphic Tees,31
2025-03-09,Nepal,Jackets,33
2025-03-09,Nepal,Crop Tops,25
2025-03-10,Nepal,Hoodies,39
2025-03-10,Nepal,Cargo Pants,38
2025-03-10,Nepal,Graphic Tees,31
2025-03-10,Nepal,Jackets,29
2025-03-10,Nepal,Crop Tops,26
2025-03-11,Nepal,Hoodies,38
2025-03-11,Nepal,Cargo Pants,37
2025-03-11,Nepal,Graphic Tees,31
2025-03-11,Nepal,Jackets,30
2025-03-11,Nepal,Crop Tops,25
2025-03-12,Nepal,Hoodies,46
2025-03-12,Nepal,Cargo Pants,43
2025-03-12,Nepal,Graphic Tees,31
2025-03-12,Nepal,Jackets,29
2025-03-12,Nepal,Crop Tops,25
2025-03-13,Nepal,Hoodies,43
2025-03-13,Nepal,Cargo Pants,39
2025-03-13,Nepal,Graphic Tees,28
2025-03-13,Nepal,Jackets,31
2025-03-13,Nepal,Crop Tops,26
2025-03-14,Nepal,Hoodies,42
2025-03-14,Nepal,Cargo Pants,39
2025-03-14,Nepal,Graphic Tees,32
2025-03-14,Nepal,Jackets,30
2025-03-14,Nepal,Crop Tops,21
2025-03-15,Nepal,Hoodies,39
2025-03-15,Nepal,Cargo Pants,43
2025-03-15,Nepal,Graphic Tees,30
2025-03-15,Nepal,Jackets,31
2025-03-15,Nepal,Crop Tops,24
2025-03-16,Nepal,Hoodies,39
2025-03-16,Nepal,Cargo Pants,43
2025-03-16,Nepal,Graphic Tees,32
2025-03-16,Nepal,Jackets,32
2025-03-16,Nepal,Crop Tops,26
2025-03-17,Nepal,Hoodies,41
2025-03-17,Nepal,Cargo Pants,43
2025-03-17,Nepal,Graphic Tees,30
2025-03-17,Nepal,Jackets,29
2025-03-17,Nepal,Crop Tops,26
2025-03-18,Nepal,Hoodies,40
2025-03-18,Nepal,Cargo Pants,40
2025-03-18,Nepal,Graphic Tees,32
2025-03-18,Nepal,Jackets,30
2025-03-18,Nepal,Crop Tops,21
2025-03-19,Nepal,Hoodies,43
2025-03-19,Nepal,Cargo Pants,40
2025-03-19,Nepal,Graphic Tees,32
2025-03-19,Nepal,Jackets,31
2025-03-19,Nepal,Crop Tops,26
2025-03-20,Nepal,Hoodies,38
2025-03-20,Nepal,Cargo Pants,42
2025-03-20,Nepal,Graphic Tees,30
2025-03-20,Nepal,Jackets,27
2025-03-20,Nepal,Crop Tops,21
2025-03-21,Nepal,Hoodies,44
2025-03-21,Nepal,Cargo Pants,37
2025-03-21,Nepal,Graphic Tees,32
2025-03-21,Nepal,Jackets,27
2025-03-21,Nepal,Crop Tops,23
2025-03-22,Nepal,Hoodies,43
2025-03-22,Nepal,Cargo Pants,39
2025-03-22,Nepal,Graphic Tees,27
2025-03-22,Nepal,Jackets,29
2025-03-22,Nepal,Crop Tops,26
2025-03-23,Nepal,Hoodies,44
2025-03-23,Nepal,Cargo Pants,43
2025-03-23,Nepal,Graphic Tees,27
2025-03-23,Nepal,Jackets,30
2025-03-23,Nepal,Crop Tops,23
2025-03-24,Nepal,Hoodies,46
2025-03-24,Nepal,Cargo Pants,42
2025-03-24,Nepal,Graphic Tees,27
2025-03-24,Nepal,Jackets,29
2025-03-24,Nepal,Crop Tops,25
2025-03-25,Nepal,Hoodies,40
2025-03-25,Nepal,Cargo Pants,38
2025-03-25,Nepal,Graphic Tees,32
2025-03-25,Nepal,Jackets,28
2025-03-25,Nepal,Crop Tops,26
2025-03-26,Nepal,Hoodies,40
2025-03-26,Nepal,Cargo Pants,40
2025-03-26,Nepal,Graphic Tees,28
2025-03-26,Nepal,Jackets,25
2025-03-26,Nepal,Crop Tops,26
2025-03-27,Nepal,Hoodies,43
2025-03-27,Nepal,Cargo Pants,40
2025-03-27,Nepal,Graphic Tees,31
2025-03-27,Nepal,Jackets,25
2025-03-27,Nepal,Crop Tops,24
2025-03-28,Nepal,Hoodies,41
2025-03-28,Nepal,Cargo Pants,42
2025-03-28,Nepal,Graphic Tees,32
2025-03-28,Nepal,Jackets,24
2025-03-28,Nepal,Crop Tops,21
2025-03-29,Nepal,Hoodies,46
2025-03-29,Nepal,Cargo Pants,42
2025-03-29,Nepal,Graphic Tees,28
2025-03-29,Nepal,Jackets,25
2025-03-29,Nepal,Crop Tops,25
2025-03-30,Nepal,Hoodies,48
2025-03-30,Nepal,Cargo Pants,41
2025-03-30,Nepal,Graphic Tees,29
2025-03-30,Nepal,Jackets,25
2025-03-30,Nepal,Crop Tops,25
2025-03-31,Nepal,Hoodies,41
2025-03-31,Nepal,Cargo Pants,39
2025-03-31,Nepal,Graphic Tees,29
2025-03-31,Nepal,Jackets,25
2025-03-31,Nepal,Crop Tops,21
2025-04-01,Nepal,Hoodies,41
2025-04-01,Nepal,Cargo Pants,38
2025-04-01,Nepal,Graphic Tees,31
2025-04-01,Nepal,Jackets,25
2025-04-01,Nepal,Crop Tops,22
2025-04-02,Nepal,Hoodies,45
2025-04-02,Nepal,Cargo Pants,42
2025-04-02,Nepal,Graphic Tees,27
2025-04-02,Nepal,Jackets,25
2025-04-02,Nepal,Crop Tops,25
2025-04-03,Nepal,Hoodies,43
2025-04-03,Nepal,Cargo Pants,40
2025-04-03,Nepal,Graphic Tees,31
2025-04-03,Nepal,Jackets,27
2025-04-03,Nepal,Crop Tops,25
2025-04-04,Nepal,Hoodies,48
2025-04-04,Nepal,Cargo Pants,40
2025-04-04,Nepal,Graphic Tees,29
2025-04-04,Nepal,Jackets,25
2025-04-04,Nepal,Crop Tops,26
2025-04-05,Nepal,Hoodies,43
2025-04-05,Nepal,Cargo Pants,43
2025-04-05,Nepal,Graphic Tees,27
2025-04-05,Nepal,Jackets,23
2025-04-05,Nepal,Crop Tops,22
2025-04-06,Nepal,Hoodies,49
2025-04-06,Nepal,Cargo Pants,37
2025-04-06,Nepal,Graphic Tees,27
2025-04-06,Nepal,Jackets,23
2025-04-06,Nepal,Crop Tops,21
2025-04-07,Nepal,Hoodies,48
2025-04-07,Nepal,Cargo Pants,40
2025-04-07,Nepal,Graphic Tees,29
2025-04-07,Nepal,Jackets,24
2025-04-07,Nepal,Crop Tops,23
2025-04-08,Nepal,Hoodies,41
2025-04-08,Nepal,Cargo Pants,42
2025-04-08,Nepal,Graphic Tees,29
2025-04-08,Nepal,Jackets,21
2025-04-08,Nepal,Crop Tops,24
2025-04-09,Nepal,Hoodies,41
2025-04-09,Nepal,Cargo Pants,39
2025-04-09,Nepal,Graphic Tees,31
2025-04-09,Nepal,Jackets,24
2025-04-09,Nepal,Crop Tops,22
2025-04-10,Nepal,Hoodies,41
2025-04-10,Nepal,Cargo Pants,39
2025-04-10,Nepal,Graphic Tees,32
2025-04-10,Nepal,Jackets,24
2025-04-10,Nepal,Crop Tops,22
2025-04-11,Nepal,Hoodies,50
2025-04-11,Nepal,Cargo Pants,40
2025-04-11,Nepal,Graphic Tees,29
2025-04-11,Nepal,Jackets,24
2025-04-11,Nepal,Crop Tops,23
2025-04-12,Nepal,Hoodies,50
2025-04-12,Nepal,Cargo Pants,20
2025-04-12,Nepal,Graphic Tees,30
2025-04-12,Nepal,Jackets,20
2025-04-12,Nepal,Crop Tops,22
2025-04-13,Nepal,Hoodies,41
2025-04-13,Nepal,Cargo Pants,20
2025-04-13,Nepal,Graphic Tees,30
2025-04-13,Nepal,Jackets,20
2025-04-13,Nepal,Crop Tops,25
2025-04-14,Nepal,Hoodies,45
2025-04-14,Nepal,Cargo Pants,20
2025-04-14,Nepal,Graphic Tees,28
2025-04-14,Nepal,Jackets,21
2025-04-14,Nepal,Crop Tops,23
2025-04-15,Nepal,Hoodies,45
2025-04-15,Nepal,Cargo Pants,15
2025-04-15,Nepal,Graphic Tees,28
2025-04-15,Nepal,Jackets,20
2025-04-15,Nepal,Crop Tops,21
2025-04-16,Nepal,Hoodies,46
2025-04-16,Nepal,Cargo Pants,19
2025-04-16,Nepal,Graphic Tees,29
2025-04-16,Nepal,Jackets,18
2025-04-16,Nepal,Crop Tops,22
2025-04-17,Nepal,Hoodies,42
2025-04-17,Nepal,Cargo Pants,17
2025-04-17,Nepal,Graphic Tees,31
2025-04-17,Nepal,Jackets,20
2025-04-17,Nepal,Crop Tops,21
2025-04-18,Nepal,Hoodies,50
2025-04-18,Nepal,Cargo Pants,18
2025-04-18,Nepal,Graphic Tees,27
2025-04-18,Nepal,Jackets,21
2025-04-18,Nepal,Crop Tops,23
2025-04-19,Nepal,Hoodies,44
2025-04-19,Nepal,Cargo Pants,18
2025-04-19,Nepal,Graphic Tees,30
2025-04-19,Nepal,Jackets,18
2025-04-19,Nepal,Crop Tops,24
2025-04-20,Nepal,Hoodies,49
2025-04-20,Nepal,Cargo Pants,17
2025-04-20,Nepal,Graphic Tees,32
2025-04-20,Nepal,Jackets,18
2025-04-20,Nepal,Crop Tops,24
2025-04-21,Nepal,Hoodies,46
2025-04-21,Nepal,Cargo Pants,20
2025-04-21,Nepal,Graphic Tees,30
2025-04-21,Nepal,Jackets,21
2025-04-21,Nepal,Crop Tops,23
2025-04-22,Nepal,Hoodies,43
2025-04-22,Nepal,Cargo Pants,20
2025-04-22,Nepal,Graphic Tees,29
2025-04-22,Nepal,Jackets,21
2025-04-22,Nepal,Crop Tops,26
2025-04-23,Nepal,Hoodies,44
2025-04-23,Nepal,Cargo Pants,20
2025-04-23,Nepal,Graphic Tees,30
2025-04-23,Nepal,Jackets,20
2025-04-23,Nepal,Crop Tops,24
2025-04-24,Nepal,Hoodies,46
2025-04-24,Nepal,Cargo Pants,21
2025-04-24,Nepal,Graphic Tees,27
2025-04-24,Nepal,Jackets,18
2025-04-24,Nepal,Crop Tops,24
2025-04-25,Nepal,Hoodies,51
2025-04-25,Nepal,Cargo Pants,18
2025-04-25,Nepal,Graphic Tees,30
2025-04-25,Nepal,Jackets,17
2025-04-25,Nepal,Crop Tops,26
2025-04-26,Nepal,Hoodies,49
2025-04-26,Nepal,Cargo Pants,17
2025-04-26,Nepal,Graphic Tees,32
2025-04-26,Nepal,Jackets,19
2025-04-26,Nepal,Crop Tops,24
2025-04-27,Nepal,Hoodies,42
2025-04-27,Nepal,Cargo Pants,15
2025-04-27,Nepal,Graphic Tees,30
2025-04-27,Nepal,Jackets,17
2025-04-27,Nepal,Crop Tops,21
2025-04-28,Nepal,Hoodies,47
2025-04-28,Nepal,Cargo Pants,18
2025-04-28,Nepal,Graphic Tees,31
2025-04-28,Nepal,Jackets,19
2025-04-28,Nepal,Crop Tops,22
2025-04-29,Nepal,Hoodies,48
2025-04-29,Nepal,Cargo Pants,17
2025-04-29,Nepal,Graphic Tees,30
2025-04-29,Nepal,Jackets,15
2025-04-29,Nepal,Crop Tops,25
2025-04-30,Nepal,Hoodies,47
2025-04-30,Nepal,Cargo Pants,18
2025-04-30,Nepal,Graphic Tees,32
2025-04-30,Nepal,Jackets,17
2025-04-30,Nepal,Crop Tops,22
2025-05-01,Nepal,Hoodies,45
2025-05-01,Nepal,Cargo Pants,17
2025-05-01,Nepal,Graphic Tees,31
2025-05-01,Nepal,Jackets,15
2025-05-01,Nepal,Crop Tops,22
2025-05-02,Nepal,Hoodies,52
2025-05-02,Nepal,Cargo Pants,16
2025-05-02,Nepal,Graphic Tees,31
2025-05-02,Nepal,Jackets,16
2025-05-02,Nepal,Crop Tops,22
2025-05-03,Nepal,Hoodies,43
2025-05-03,Nepal,Cargo Pants,15
2025-05-03,Nepal,Graphic Tees,31
2025-05-03,Nepal,Jackets,15
2025-05-03,Nepal,Crop Tops,26
2025-05-04,Nepal,Hoodies,47
2025-05-04,Nepal,Cargo Pants,17
2025-05-04,Nepal,Graphic Tees,28
2025-05-04,Nepal,Jackets,14
2025-05-04,Nepal,Crop Tops,23
2025-05-05,Nepal,Hoodies,51
2025-05-05,Nepal,Cargo Pants,20
2025-05-05,Nepal,Graphic Tees,27
2025-05-05,Nepal,Jackets,14
2025-05-05,Nepal,Crop Tops,25
2025-05-06,Nepal,Hoodies,48
2025-05-06,Nepal,Cargo Pants,15
2025-05-06,Nepal,Graphic Tees,27
2025-05-06,Nepal,Jackets,15
2025-05-06,Nepal,Crop Tops,25
2025-05-07,Nepal,Hoodies,48
2025-05-07,Nepal,Cargo Pants,16
2025-05-07,Nepal,Graphic Tees,27
2025-05-07,Nepal,Jackets,14
2025-05-07,Nepal,Crop Tops,26
2025-05-08,Nepal,Hoodies,44
2025-05-08,Nepal,Cargo Pants,19
2025-05-08,Nepal,Graphic Tees,30
2025-05-08,Nepal,Jackets,15
2025-05-08,Nepal,Crop Tops,25
2025-05-09,Nepal,Hoodies,49
2025-05-09,Nepal,Cargo Pants,16
2025-05-09,Nepal,Graphic Tees,28
2025-05-09,Nepal,Jackets,14
2025-05-09,Nepal,Crop Tops,25
2025-05-10,Nepal,Hoodies,52
2025-05-10,Nepal,Cargo Pants,15
2025-05-10,Nepal,Graphic Tees,31
2025-05-10,Nepal,Jackets,16
2025-05-10,Nepal,Crop Tops,25
2025-05-11,Nepal,Hoodies,50
2025-05-11,Nepal,Cargo Pants,20
2025-05-11,Nepal,Graphic Tees,31
2025-05-11,Nepal,Jackets,14
2025-05-11,Nepal,Crop Tops,25
2025-05-12,Nepal,Hoodies,49
2025-05-12,Nepal,Cargo Pants,17
2025-05-12,Nepal,Graphic Tees,27
2025-05-12,Nepal,Jackets,18
2025-05-12,Nepal,Crop Tops,26
2025-05-13,Nepal,Hoodies,48
2025-05-13,Nepal,Cargo Pants,20
2025-05-13,Nepal,Graphic Tees,29
2025-05-13,Nepal,Jackets,17
2025-05-13,Nepal,Crop Tops,22
2025-05-14,Nepal,Hoodies,53
2025-05-14,Nepal,Cargo Pants,16
2025-05-14,Nepal,Graphic Tees,28
2025-05-14,Nepal,Jackets,17
2025-05-14,Nepal,Crop Tops,22
2025-05-15,Nepal,Hoodies,45
2025-05-15,Nepal,Cargo Pants,17
2025-05-15,Nepal,Graphic Tees,32
2025-05-15,Nepal,Jackets,15
2025-05-15,Nepal,Crop Tops,21
2025-05-16,Nepal,Hoodies,53
2025-05-16,Nepal,Cargo Pants,16
2025-05-16,Nepal,Graphic Tees,32
2025-05-16,Nepal,Jackets,13
2025-05-16,Nepal,Crop Tops,23
2025-05-17,Nepal,Hoodies,47
2025-05-17,Nepal,Cargo Pants,18
2025-05-17,Nepal,Graphic Tees,29
2025-05-17,Nepal,Jackets,16
2025-05-17,Nepal,Crop Tops,21
2025-05-18,Nepal,Hoodies,48
2025-05-18,Nepal,Cargo Pants,15
2025-05-18,Nepal,Graphic Tees,27
2025-05-18,Nepal,Jackets,17
2025-05-18,Nepal,Crop Tops,22
2025-05-19,Nepal,Hoodies,47
2025-05-19,Nepal,Cargo Pants,18
2025-05-19,Nepal,Graphic Tees,31
2025-05-19,Nepal,Jackets,18
2025-05-19,Nepal,Crop Tops,21
2025-05-20,Nepal,Hoodies,44
2025-05-20,Nepal,Cargo Pants,19
2025-05-20,Nepal,Graphic Tees,29
2025-05-20,Nepal,Jackets,18
2025-05-20,Nepal,Crop Tops,23
2025-05-21,Nepal,Hoodies,47
2025-05-21,Nepal,Cargo Pants,17
2025-05-21,Nepal,Graphic Tees,29
2025-05-21,Nepal,Jackets,15
2025-05-21,Nepal,Crop Tops,26
2025-05-22,Nepal,Hoodies,45
2025-05-22,Nepal,Cargo Pants,20
2025-05-22,Nepal,Graphic Tees,27
2025-05-22,Nepal,Jackets,16
2025-05-22,Nepal,Crop Tops,26
2025-05-23,Nepal,Hoodies,47
2025-05-23,Nepal,Cargo Pants,15
2025-05-23,Nepal,Graphic Tees,31
2025-05-23,Nepal,Jackets,18
2025-05-23,Nepal,Crop Tops,23
2025-05-24,Nepal,Hoodies,48
2025-05-24,Nepal,Cargo Pants,16
2025-05-24,Nepal,Graphic Tees,31
2025-05-24,Nepal,Jackets,16
2025-05-24,Nepal,Crop Tops,21
2025-05-25,Nepal,Hoodies,52
2025-05-25,Nepal,Cargo Pants,20
2025-05-25,Nepal,Graphic Tees,27
2025-05-25,Nepal,Jackets,18
2025-05-25,Nepal,Crop Tops,21
2025-05-26,Nepal,Hoodies,48
2025-05-26,Nepal,Cargo Pants,15
2025-05-26,Nepal,Graphic Tees,31
2025-05-26,Nepal,Jackets,18
2025-05-26,Nepal,Crop Tops,22
2025-05-27,Nepal,Hoodies,45
2025-05-27,Nepal,Cargo Pants,17
2025-05-27,Nepal,Graphic Tees,30
2025-05-27,Nepal,Jackets,16
2025-05-27,Nepal,Crop Tops,25
2025-05-28,Nepal,Hoodies,48
2025-05-28,Nepal,Cargo Pants,21
2025-05-28,Nepal,Graphic Tees,27
2025-05-28,Nepal,Jackets,17
2025-05-28,Nepal,Crop Tops,25
2025-05-29,Nepal,Hoodies,47
2025-05-29,Nepal,Cargo Pants,18
2025-05-29,Nepal,Graphic Tees,29
2025-05-29,Nepal,Jackets,18
2025-05-29,Nepal,Crop Tops,21
2025-05-30,Nepal,Hoodies,45
2025-05-30,Nepal,Cargo Pants,17
2025-05-30,Nepal,Graphic Tees,29
2025-05-30,Nepal,Jackets,19
2025-05-30,Nepal,Crop Tops,21
2025-05-31,Nepal,Hoodies,50
2025-05-31,Nepal,Cargo Pants,19
2025-05-31,Nepal,Graphic Tees,29
2025-05-31,Nepal,Jackets,18
2025-05-31,Nepal,Crop Tops,23
2025-06-01,Nepal,Hoodies,48
2025-06-01,Nepal,Cargo Pants,17
2025-06-01,Nepal,Graphic Tees,30
2025-06-01,Nepal,Jackets,15
2025-06-01,Nepal,Crop Tops,13
2025-06-02,Nepal,Hoodies,55
2025-06-02,Nepal,Cargo Pants,19
2025-06-02,Nepal,Graphic Tees,29
2025-06-02,Nepal,Jackets,16
2025-06-02,Nepal,Crop Tops,15
2025-06-03,Nepal,Hoodies,51
2025-06-03,Nepal,Cargo Pants,16
2025-06-03,Nepal,Graphic Tees,27
2025-06-03,Nepal,Jackets,17
2025-06-03,Nepal,Crop Tops,16
2025-06-04,Nepal,Hoodies,55
2025-06-04,Nepal,Cargo Pants,20
2025-06-04,Nepal,Graphic Tees,30
2025-06-04,Nepal,Jackets,18
2025-06-04,Nepal,Crop Tops,16
2025-06-05,Nepal,Hoodies,49
2025-06-05,Nepal,Cargo Pants,16
2025-06-05,Nepal,Graphic Tees,29
2025-06-05,Nepal,Jackets,18
2025-06-05,Nepal,Crop Tops,14
2025-06-06,Nepal,Hoodies,54
2025-06-06,Nepal,Cargo Pants,20
2025-06-06,Nepal,Graphic Tees,27
2025-06-06,Nepal,Jackets,16
2025-06-06,Nepal,Crop Tops,13
2025-06-07,Nepal,Hoodies,51
2025-06-07,Nepal,Cargo Pants,19
2025-06-07,Nepal,Graphic Tees,32
2025-06-07,Nepal,Jackets,16
2025-06-07,Nepal,Crop Tops,17
2025-06-08,Nepal,Hoodies,49
2025-06-08,Nepal,Cargo Pants,21
2025-06-08,Nepal,Graphic Tees,27
2025-06-08,Nepal,Jackets,19
2025-06-08,Nepal,Crop Tops,14
2025-06-09,Nepal,Hoodies,55
2025-06-09,Nepal,Cargo Pants,17
2025-06-09,Nepal,Graphic Tees,31
2025-06-09,Nepal,Jackets,20
2025-06-09,Nepal,Crop Tops,17
2025-06-10,Nepal,Hoodies,47
2025-06-10,Nepal,Cargo Pants,20
2025-06-10,Nepal,Graphic Tees,29
2025-06-10,Nepal,Jackets,17
2025-06-10,Nepal,Crop Tops,14
2025-06-11,Nepal,Hoodies,52
2025-06-11,Nepal,Cargo Pants,19
2025-06-11,Nepal,Graphic Tees,31
2025-06-11,Nepal,Jackets,21
2025-06-11,Nepal,Crop Tops,15
2025-06-12,Nepal,Hoodies,55
2025-06-12,Nepal,Cargo Pants,17
2025-06-12,Nepal,Graphic Tees,27
2025-06-12,Nepal,Jackets,20
2025-06-12,Nepal,Crop Tops,17
2025-06-13,Nepal,Hoodies,52
2025-06-13,Nepal,Cargo Pants,15
2025-06-13,Nepal,Graphic Tees,30
2025-06-13,Nepal,Jackets,21
2025-06-13,Nepal,Crop Tops,15
2025-06-14,Nepal,Hoodies,47
2025-06-14,Nepal,Cargo Pants,19
2025-06-14,Nepal,Graphic Tees,31
2025-06-14,Nepal,Jackets,20
2025-06-14,Nepal,Crop Tops,15
2025-06-15,Nepal,Hoodies,53
2025-06-15,Nepal,Cargo Pants,20
2025-06-15,Nepal,Graphic Tees,30
2025-06-15,Nepal,Jackets,19
2025-06-15,Nepal,Crop Tops,17
2025-06-16,Nepal,Hoodies,50
2025-06-16,Nepal,Cargo Pants,21
2025-06-16,Nepal,Graphic Tees,31
2025-06-16,Nepal,Jackets,19
2025-06-16,Nepal,Crop Tops,16
2025-06-17,Nepal,Hoodies,52
2025-06-17,Nepal,Cargo Pants,20
2025-06-17,Nepal,Graphic Tees,29
2025-06-17,Nepal,Jackets,21
2025-06-17,Nepal,Crop Tops,13
2025-06-18,Nepal,Hoodies,55
2025-06-18,Nepal,Cargo Pants,18
2025-06-18,Nepal,Graphic Tees,28
2025-06-18,Nepal,Jackets,21
2025-06-18,Nepal,Crop Tops,14
2025-06-19,Nepal,Hoodies,53
2025-06-19,Nepal,Cargo Pants,21
2025-06-19,Nepal,Graphic Tees,27
2025-06-19,Nepal,Jackets,24
2025-06-19,Nepal,Crop Tops,14
2025-06-20,Nepal,Hoodies,56
2025-06-20,Nepal,Cargo Pants,18
2025-06-20,Nepal,Graphic Tees,31
2025-06-20,Nepal,Jackets,24
2025-06-20,Nepal,Crop Tops,18
2025-06-21,Nepal,Hoodies,52
2025-06-21,Nepal,Cargo Pants,17
2025-06-21,Nepal,Graphic Tees,32
2025-06-21,Nepal,Jackets,21
2025-06-21,Nepal,Crop Tops,13
2025-06-22,Nepal,Hoodies,57
2025-06-22,Nepal,Cargo Pants,21
2025-06-22,Nepal,Graphic Tees,30
2025-06-22,Nepal,Jackets,22
2025-06-22,Nepal,Crop Tops,14
2025-06-23,Nepal,Hoodies,53
2025-06-23,Nepal,Cargo Pants,19
2025-06-23,Nepal,Graphic Tees,32
2025-06-23,Nepal,Jackets,24
2025-06-23,Nepal,Crop Tops,18
2025-06-24,Nepal,Hoodies,55
2025-06-24,Nepal,Cargo Pants,19
2025-06-24,Nepal,Graphic Tees,31
2025-06-24,Nepal,Jackets,25
2025-06-24,Nepal,Crop Tops,13
2025-06-25,Nepal,Hoodies,55
2025-06-25,Nepal,Cargo Pants,16
2025-06-25,Nepal,Graphic Tees,27
2025-06-25,Nepal,Jackets,26
2025-06-25,Nepal,Crop Tops,13
2025-06-26,Nepal,Hoodies,52
2025-06-26,Nepal,Cargo Pants,17
2025-06-26,Nepal,Graphic Tees,30
2025-06-26,Nepal,Jackets,22
2025-06-26,Nepal,Crop Tops,14
2025-06-27,Nepal,Hoodies,55
2025-06-27,Nepal,Cargo Pants,16
2025-06-27,Nepal,Graphic Tees,31
2025-06-27,Nepal,Jackets,22
2025-06-27,Nepal,Crop Tops,13
2025-06-28,Nepal,Hoodies,49
2025-06-28,Nepal,Cargo Pants,20
2025-06-28,Nepal,Graphic Tees,29
2025-06-28,Nepal,Jackets,24
2025-06-28,Nepal,Crop Tops,16
2025-06-29,Nepal,Hoodies,56
2025-06-29,Nepal,Cargo Pants,21
2025-06-29,Nepal,Graphic Tees,29
2025-06-29,Nepal,Jackets,24
2025-06-29,Nepal,Crop Tops,16
